{
  "runs": 10,
  "p50_ms": 20.100949994230177,
  "p95_ms": 21.785800010547973
}