{
  "runs": 100,
  "p50_ms": 13.9532999965013,
  "p95_ms": 19.01960000395775
}