{
  "submitted": 50,
  "succeeded": 50,
  "failed": 0,
  "concurrency": 10,
  "wall_s": 22.680326600006083,
  "rps": 2.204553791566061,
  "p50_ms": 4460.126400008448,
  "p95_ms": 5068.856800004141,
  "p50_route_ms": 2217.3078500054544,
  "p95_route_ms": 2824.7791999892797,
  "p50_compose_ms": 2287.2264000034193,
  "p95_compose_ms": 2797.1322999801487
}