{
  "runs": 100,
  "p50_ms": 5.50199999997858,
  "p95_ms": 6.450599990785122
}