{
  "runs": 10,
  "p50_ms": 11.451450001914054,
  "p95_ms": 22.856099996715784
}